                  epoch,         train/box_loss,         train/cls_loss,         train/dfl_loss,   metrics/precision(B),      metrics/recall(B),       metrics/mAP50(B),    metrics/mAP50-95(B),           val/box_loss,           val/cls_loss,           val/dfl_loss,                 lr/pg0,                 lr/pg1,                 lr/pg2
                      1,                  1.238,                 4.1585,                 1.6831,                0.58525,                0.18901,                0.19285,                0.10677,                  1.535,                 3.1279,                 1.9076,             0.00011061,             0.00011061,             0.00011061
                      2,                 1.1192,                 3.2624,                 1.5371,                0.40618,                0.56983,                0.50209,                0.28442,                 1.5721,                 2.2092,                 1.9208,             0.00017773,             0.00017773,             0.00017773
                      3,                 1.0859,                 2.8074,                 1.4841,                0.45382,                0.69012,                0.62712,                 0.3387,                 1.7031,                 1.9848,                 2.0795,              0.0002009,              0.0002009,              0.0002009
                      4,                  1.029,                 2.4721,                 1.4288,                0.69043,                0.65763,                0.76214,                0.52815,                  1.219,                 1.5503,                 1.6037,              0.0001352,              0.0001352,              0.0001352
                      5,                0.99052,                 2.2393,                 1.3901,                0.70662,                0.66931,                0.79074,                0.50674,                 1.4133,                 1.3593,                 1.7945,              0.0001352,              0.0001352,              0.0001352
